City_ID,City,Country,Date,Lat,Lng,Max Temp,Humidity,Cloudiness,Wind Speed
0,Busselton,AU,2021-08-07 06:41:47,-33.65,115.3333,63.09,80,100,21.14
1,Norman Wells,CA,2021-08-07 06:41:47,65.282,-126.8329,48.24,71,90,9.22
2,Robertsport,LR,2021-08-07 06:41:48,6.7533,-11.3686,77.14,76,100,4.14
3,Mataura,NZ,2021-08-07 06:41:48,-46.1927,168.8643,39.47,97,100,2.3
4,Saskylakh,RU,2021-08-07 06:41:49,71.9167,114.0833,51.66,68,97,2.51
5,Albany,US,2021-08-07 06:41:49,42.6001,-73.9662,67.78,88,100,2.91
6,Punta Arenas,CL,2021-08-07 06:41:50,-53.15,-70.9167,32.11,86,40,13.8
7,Motala,SE,2021-08-07 06:41:50,58.5371,15.0365,60.58,68,100,10.36
8,Port Alfred,ZA,2021-08-07 06:41:50,-33.5906,26.891,59.77,74,2,3.24
9,Saint-Philippe,RE,2021-08-07 06:41:51,-21.3585,55.7679,74.79,70,38,11.48
10,Esperance,AU,2021-08-07 06:41:52,-33.8667,121.9,73.24,49,0,12.5
11,Castro,BR,2021-08-07 06:41:52,-24.7911,-50.0119,53.87,96,99,7.11
12,Ushuaia,AR,2021-08-07 06:41:33,-54.8,-68.3,31.66,86,90,16.11
13,Atuona,PF,2021-08-07 06:41:53,-9.8,-139.0333,77.94,81,66,20.62
14,Mina,MX,2021-08-07 06:41:53,26.0011,-100.5299,77.25,77,71,10.27
15,Alappuzha,IN,2021-08-07 06:41:54,9.49,76.3264,79.68,86,100,13.91
16,Guerrero Negro,MX,2021-08-07 06:41:54,27.9769,-114.0611,71.58,80,0,9.17
17,Shelburne,CA,2021-08-07 06:41:55,44.0787,-80.2041,67.89,94,24,8.59
18,Tranas,SE,2021-08-07 06:41:55,58.0372,14.9782,60.03,71,100,7.67
19,Mahebourg,MU,2021-08-07 06:41:55,-20.4081,57.7,74.25,60,75,12.66
20,Cape Town,ZA,2021-08-07 06:41:01,-33.9258,18.4232,48.61,93,90,2.3
21,Bengkulu,ID,2021-08-07 06:37:00,-3.8004,102.2655,85.6,68,30,7.63
22,Aksarka,RU,2021-08-07 06:41:56,66.5606,67.7975,70.88,60,100,4.97
23,Paradise,US,2021-08-07 06:41:57,36.0972,-115.1467,93.7,8,1,3.44
24,Griffith,US,2021-08-07 06:41:57,41.5284,-87.4237,70.02,94,1,0.0
25,Buin,CL,2021-08-07 06:41:58,-33.7333,-70.75,46.44,94,32,0.94
26,Jacqueville,CI,2021-08-07 06:41:58,5.2052,-4.4146,76.91,89,99,9.86
27,Las Torres De Cotillas,ES,2021-08-07 06:41:59,38.0282,-1.2419,79.99,86,20,2.3
28,Rikitea,PF,2021-08-07 06:41:59,-23.1203,-134.9692,74.66,78,8,7.47
29,Charters Towers,AU,2021-08-07 06:41:59,-20.1,146.2667,74.48,20,0,10.16
30,Saint George,US,2021-08-07 06:37:59,37.1041,-113.5841,84.94,11,1,4.0
31,Khatanga,RU,2021-08-07 06:42:00,71.9667,102.5,63.36,40,100,9.8
32,Batagay,RU,2021-08-07 06:42:00,67.6333,134.6333,78.33,22,2,4.88
33,Hithadhoo,MV,2021-08-07 06:42:01,-0.6,73.0833,82.11,67,82,3.24
34,Hilo,US,2021-08-07 06:41:40,19.7297,-155.09,74.25,90,90,6.91
35,Homer,US,2021-08-07 06:42:02,59.6425,-151.5483,60.67,84,90,5.75
36,Qaanaaq,GL,2021-08-07 06:42:02,77.484,-69.3632,37.29,74,19,6.85
37,Bredasdorp,ZA,2021-08-07 06:42:03,-34.5322,20.0403,49.32,93,100,4.61
38,Georgetown,MY,2021-08-07 06:41:26,5.4112,100.3354,91.33,73,20,10.36
39,Colares,PT,2021-08-07 06:42:03,38.7992,-9.4469,67.44,79,40,6.91
40,Orange Cove,US,2021-08-07 06:42:04,36.6244,-119.3137,80.26,49,75,3.44
41,Ipora,BR,2021-08-07 06:42:04,-16.4419,-51.1178,65.34,47,100,4.05
42,Lata,PT,2021-08-07 06:42:05,40.1629,-8.3327,63.05,89,64,4.23
43,Bol,TD,2021-08-07 06:42:06,13.4586,14.7147,78.49,84,100,26.57
44,Glendive,US,2021-08-07 06:42:06,47.1053,-104.7125,73.02,74,40,16.11
45,Barrow,US,2021-08-07 06:40:06,71.2906,-156.7887,37.42,81,90,10.36
46,Tuktoyaktuk,CA,2021-08-07 06:42:07,69.4541,-133.0374,40.41,84,100,14.2
47,Charleston,US,2021-08-07 06:41:53,32.7766,-79.9309,81.01,93,40,3.0
48,Longyearbyen,SJ,2021-08-07 06:41:01,78.2186,15.6401,44.44,87,40,4.61
49,Avarua,CK,2021-08-07 06:42:08,-21.2078,-159.775,77.05,78,40,13.8
50,Bluff,NZ,2021-08-07 06:42:08,-46.6,168.3333,39.79,66,89,12.33
51,Constitucion,CL,2021-08-07 06:39:14,-35.3333,-72.4167,50.18,91,11,5.19
52,San Patricio,US,2021-08-07 06:42:09,28.017,-97.5169,84.85,82,6,10.36
53,Tucuman,AR,2021-08-07 06:42:09,-26.8241,-65.2226,55.4,67,0,9.22
54,Ancud,CL,2021-08-07 06:42:10,-41.8697,-73.8203,41.23,79,7,8.7
55,Kavieng,PG,2021-08-07 06:42:10,-2.5744,150.7967,84.18,72,15,15.1
56,Gulu,UG,2021-08-07 06:42:10,2.7746,32.299,79.34,48,15,4.59
57,Kupang,ID,2021-08-07 06:42:11,-10.1667,123.5833,88.38,35,20,19.57
58,San Juan,AR,2021-08-07 06:42:11,-31.5375,-68.5364,57.78,39,0,4.52
59,Klaksvik,FO,2021-08-07 06:42:12,62.2266,-6.589,59.92,92,100,17.49
60,Margate,GB,2021-08-07 06:42:12,51.3813,1.3862,62.91,79,100,4.0
61,Qingdao,CN,2021-08-07 06:42:13,36.0986,120.3719,87.4,62,40,11.18
62,Honningsvag,NO,2021-08-07 06:42:13,70.9821,25.9704,53.47,81,99,13.09
63,Nikolskoye,RU,2021-08-07 06:42:13,59.7035,30.7861,60.03,88,100,11.12
64,Poya,NC,2021-08-07 06:42:14,-21.35,165.15,67.71,65,100,9.4
65,Sukhobuzimskoye,RU,2021-08-07 06:42:14,56.5,93.2728,73.04,48,36,6.17
66,Hobart,AU,2021-08-07 06:40:21,-42.8794,147.3294,48.06,65,20,1.99
67,Mar Del Plata,AR,2021-08-07 06:39:36,-38.0023,-57.5575,52.3,93,100,8.5
68,Butaritari,KI,2021-08-07 06:42:15,3.0707,172.7902,83.68,68,15,7.85
69,Meiganga,CM,2021-08-07 06:42:16,6.5167,14.3,65.34,99,100,3.31
70,Hermanus,ZA,2021-08-07 06:42:16,-34.4187,19.2345,56.61,72,100,3.65
71,Kailua,US,2021-08-07 06:38:08,21.4022,-157.7394,80.58,71,20,10.36
72,North Bend,US,2021-08-07 06:38:24,43.4065,-124.2243,64.92,100,90,3.44
73,Mayna,RU,2021-08-07 06:42:17,54.1135,47.6231,78.66,31,11,5.88
74,New Norfolk,AU,2021-08-07 06:42:17,-42.7826,147.0587,47.7,73,6,1.01
75,Geraldton,AU,2021-08-07 06:42:18,-28.7667,114.6,70.21,60,75,11.5
76,Durban,ZA,2021-08-07 06:41:55,-29.8579,31.0292,67.12,76,0,1.01
77,Rio Gallegos,AR,2021-08-07 06:42:19,-51.6226,-69.2181,35.65,80,0,17.27
78,Lagoa,PT,2021-08-07 06:42:19,39.05,-27.9833,69.01,69,100,14.63
79,Morondava,MG,2021-08-07 06:38:01,-20.2833,44.2833,76.32,39,0,3.49
80,College,US,2021-08-07 06:42:11,64.8569,-147.8028,64.38,85,90,0.0
81,Bishop Auckland,GB,2021-08-07 06:42:20,54.6555,-1.6771,58.24,90,97,3.0
82,Ploemeur,FR,2021-08-07 06:42:21,47.7333,-3.4333,60.94,88,40,11.5
83,Yamoussoukro,CI,2021-08-07 06:42:21,6.8206,-5.2767,71.49,94,75,4.61
84,Cabo San Lucas,MX,2021-08-07 06:41:46,22.8909,-109.9124,81.61,79,62,9.04
85,Bundaberg,AU,2021-08-07 06:42:22,-24.85,152.35,71.89,35,0,10.36
86,Cayenne,GF,2021-08-07 06:42:22,4.9333,-52.3333,77.09,90,90,0.0
87,Corner Brook,CA,2021-08-07 06:42:23,48.9667,-57.9484,68.16,98,100,6.38
88,Gannan,CN,2021-08-07 06:42:23,47.9147,123.5031,81.95,57,6,3.38
89,Westport,US,2021-08-07 06:42:24,41.1415,-73.3579,74.97,85,20,3.0
90,Terrace,CA,2021-08-07 06:42:24,54.5163,-128.6035,58.42,94,75,8.05
91,Dikson,RU,2021-08-07 06:42:25,73.5069,80.5464,48.2,71,15,11.27
92,Vaini,TO,2021-08-07 06:42:25,-21.2,-175.2,68.16,83,20,8.05
93,Iqaluit,CA,2021-08-07 06:42:25,63.7506,-68.5145,42.53,81,90,9.22
94,Ormond Beach,US,2021-08-07 06:38:54,29.2858,-81.0559,77.09,75,90,0.0
95,Palmer,US,2021-08-07 06:42:26,42.1584,-72.3287,70.48,80,1,4.61
96,Lavrentiya,RU,2021-08-07 06:42:27,65.5833,-171.0,45.25,75,100,14.85
97,Provideniya,RU,2021-08-07 06:42:27,64.3833,-173.3,45.63,83,100,5.53
98,Batouri,CM,2021-08-07 06:42:28,4.4333,14.3667,69.57,96,99,4.25
99,Hasaki,JP,2021-08-07 06:42:28,35.7333,140.8333,84.49,81,100,8.95
100,Broome,US,2021-08-07 06:42:29,42.2506,-75.833,70.57,93,100,2.21
101,Meulaboh,ID,2021-08-07 06:42:29,4.1363,96.1285,86.67,64,62,8.75
102,Carnarvon,AU,2021-08-07 06:42:30,-24.8667,113.6333,77.07,67,75,26.46
103,Jamestown,US,2021-08-07 06:42:18,42.097,-79.2353,67.59,94,1,1.01
104,Coihaique,CL,2021-08-07 06:42:30,-45.5752,-72.0662,35.55,75,94,5.75
105,Sept-Iles,CA,2021-08-07 06:42:31,50.2001,-66.3821,59.52,95,75,1.01
106,Souillac,MU,2021-08-07 06:42:31,-20.5167,57.5167,74.35,60,75,12.66
107,Mezen,RU,2021-08-07 06:42:32,65.8522,44.24,60.46,51,98,2.19
108,Upernavik,GL,2021-08-07 06:42:32,72.7868,-56.1549,40.6,93,100,10.96
109,Caucaia,BR,2021-08-07 06:42:33,-3.7361,-38.6531,80.55,74,0,11.5
110,Ola,RU,2021-08-07 06:42:33,59.5833,151.2833,63.03,56,65,4.97
111,Kapaa,US,2021-08-07 06:42:33,22.0752,-159.319,82.38,72,75,18.41
112,Airai,TL,2021-08-07 06:42:34,-8.9266,125.4092,70.83,46,93,4.76
113,Kislovodsk,RU,2021-08-07 06:42:34,43.9133,42.7208,71.24,52,15,5.64
114,Balykshi,KZ,2021-08-07 06:42:35,47.0667,51.8667,89.6,23,0,13.42
115,Mareeba,AU,2021-08-07 06:42:35,-17.0,145.4333,71.44,68,65,8.97
116,Salalah,OM,2021-08-07 06:42:35,17.0151,54.0924,77.09,100,90,10.36
117,Cibitoke,BI,2021-08-07 06:42:36,-2.8833,29.25,65.62,42,14,3.2
118,Les Cayes,HT,2021-08-07 06:42:36,18.2,-73.75,76.32,85,5,1.95
119,Xuddur,SO,2021-08-07 06:42:37,4.1213,43.8894,80.01,47,100,21.25
120,Yar-Sale,RU,2021-08-07 06:42:37,66.8333,70.8333,79.09,42,4,9.17
121,Anloga,GH,2021-08-07 06:42:38,5.7947,0.8973,77.22,85,100,13.18
122,Port Lincoln,AU,2021-08-07 06:42:38,-34.7333,135.8667,57.09,66,100,4.29
123,Cody,US,2021-08-07 06:42:39,44.5263,-109.0565,65.39,46,75,12.66
124,Ahar,IR,2021-08-07 06:42:39,38.4774,47.0699,84.87,26,1,3.38
125,Sitka,US,2021-08-07 06:42:39,57.0531,-135.33,60.69,77,90,6.91
126,Kruisfontein,ZA,2021-08-07 06:42:40,-34.0033,24.7314,55.67,78,27,3.98
127,Inowroclaw,PL,2021-08-07 06:41:06,52.7989,18.2639,62.22,68,0,5.32
128,Winslow,US,2021-08-07 06:42:40,35.0242,-110.6974,78.98,47,1,1.99
129,Izumo,JP,2021-08-07 06:42:41,35.3667,132.7667,87.75,66,75,6.91
130,Flinders,AU,2021-08-07 06:42:41,-34.5833,150.8552,63.81,56,0,8.43
131,Tuatapere,NZ,2021-08-07 06:42:26,-46.1333,167.6833,39.81,84,100,5.53
132,Kahului,US,2021-08-07 06:42:25,20.8947,-156.47,78.82,81,20,18.41
133,Sao Filipe,CV,2021-08-07 06:42:42,14.8961,-24.4956,76.89,83,100,9.04
134,Talnakh,RU,2021-08-07 06:42:43,69.4865,88.3972,81.63,37,74,7.87
135,Yashkino,RU,2021-08-07 06:42:43,55.8736,85.4265,68.95,80,100,3.78
136,Makat,KZ,2021-08-07 06:42:43,47.6469,53.3463,89.31,20,0,11.12
137,Salinas,US,2021-08-07 06:42:44,36.6777,-121.6555,68.14,85,90,6.91
138,Kempten,DE,2021-08-07 06:42:45,47.7267,10.3139,61.97,71,100,3.04
139,Khandyga,RU,2021-08-07 06:42:45,62.6667,135.6,79.66,28,55,8.08
140,Biak,ID,2021-08-07 06:42:45,-0.9131,122.8766,76.28,87,100,6.42
141,Goundam,ML,2021-08-07 06:42:46,16.4145,-3.6708,81.54,66,50,13.09
142,Lebu,CL,2021-08-07 06:42:22,-37.6167,-73.65,48.94,90,100,11.25
143,Marsa Matruh,EG,2021-08-07 06:42:47,31.3525,27.2453,82.6,74,20,14.97
144,Murgab,TM,2021-08-07 06:42:47,37.4966,61.9714,100.27,20,0,4.61
145,Ribeira Grande,PT,2021-08-07 06:42:48,38.5167,-28.7,70.2,60,40,8.05
146,Parana,AR,2021-08-07 06:42:48,-31.732,-60.5238,61.47,82,0,7.74
147,Chachapoyas,PE,2021-08-07 06:42:49,-6.2317,-77.869,47.84,95,0,2.73
148,Pontes E Lacerda,BR,2021-08-07 06:42:49,-15.2261,-59.3353,67.26,45,0,2.55
149,Zavolzhsk,RU,2021-08-07 06:42:50,57.4823,42.1378,61.95,94,100,9.64
150,Chuy,UY,2021-08-07 06:42:50,-33.6971,-53.4616,54.46,94,0,6.96
151,Port Arthur,CN,2021-08-07 06:42:50,38.8,121.2667,84.42,53,100,5.01
152,Samarai,PG,2021-08-07 06:42:51,-10.6167,150.6667,77.31,85,100,14.54
153,Deputatskiy,RU,2021-08-07 06:42:51,69.3,139.9,62.11,39,6,6.62
154,Mecca,SA,2021-08-07 06:42:52,21.4267,39.8261,99.27,22,2,6.4
155,San Quintin,MX,2021-08-07 06:42:52,30.4833,-115.95,67.39,86,5,6.4
156,Tautira,PF,2021-08-07 06:42:52,-17.7333,-149.15,77.02,70,31,5.37
157,Keti Bandar,PK,2021-08-07 06:42:53,24.1447,67.4497,84.06,72,100,15.7
158,Torbay,CA,2021-08-07 06:42:53,47.6666,-52.7314,68.77,95,90,20.71
159,Quang Ngai,VN,2021-08-07 06:40:11,15.1167,108.8,98.42,43,100,13.76
160,Lorengau,PG,2021-08-07 06:42:54,-2.0226,147.2712,80.64,80,98,6.02
161,Puerto Ayora,EC,2021-08-07 06:42:54,-0.7393,-90.3518,69.55,88,100,1.99
162,Camacha,PT,2021-08-07 06:42:55,33.0833,-16.3333,69.22,94,75,9.22
163,Houston,US,2021-08-07 06:40:42,29.7633,-95.3633,81.09,86,1,1.01
164,Mount Gambier,AU,2021-08-07 06:42:55,-37.8333,140.7667,57.11,72,90,11.5
165,Olafsvik,IS,2021-08-07 06:42:56,64.8945,-23.7142,52.56,84,47,3.53
166,Port-Gentil,GA,2021-08-07 06:42:57,-0.7193,8.7815,76.96,83,90,6.91
167,Grindavik,IS,2021-08-07 06:42:57,63.8424,-22.4338,50.56,100,75,1.14
168,Nouadhibou,MR,2021-08-07 06:42:57,20.931,-17.0347,67.98,94,0,5.75
169,Ripiceni,RO,2021-08-07 06:42:58,47.95,27.1333,71.38,51,0,5.21
170,Montero,BO,2021-08-07 06:42:58,-17.3333,-63.25,67.1,58,0,3.74
171,Skibbereen,IE,2021-08-07 06:42:59,51.55,-9.2667,57.0,79,99,21.3
172,Chernyshevskiy,RU,2021-08-07 06:42:59,63.0128,112.4714,75.56,28,51,6.15
173,Dawei,MM,2021-08-07 06:43:00,14.0833,98.2,84.65,73,87,7.49
174,Tilichiki,RU,2021-08-07 06:43:00,60.4667,166.1,55.0,71,100,1.14
175,Sisimiut,GL,2021-08-07 06:43:01,66.9395,-53.6735,41.74,94,100,8.19
176,Gudivada,IN,2021-08-07 06:43:01,16.45,80.9833,97.0,39,79,8.84
177,Ponta Do Sol,PT,2021-08-07 06:43:02,32.6667,-17.1,71.71,79,23,4.34
178,Ahipara,NZ,2021-08-07 06:43:02,-35.1667,173.1667,55.94,81,10,15.21
179,Tromso,NO,2021-08-07 06:43:02,69.6496,18.957,65.05,77,0,2.3
180,Isangel,VU,2021-08-07 06:43:03,-19.55,169.2667,73.51,68,75,10.09
181,Anadyr,RU,2021-08-07 06:43:03,64.75,177.4833,55.9,47,0,13.42
182,Berlevag,NO,2021-08-07 06:43:04,70.8578,29.0864,59.7,67,100,10.54
183,Kysyl-Syr,RU,2021-08-07 06:43:04,63.8986,122.7617,77.09,35,100,12.44
184,Borba,BR,2021-08-07 06:43:04,-4.3878,-59.5939,72.75,76,0,1.21
185,Kenai,US,2021-08-07 06:39:26,60.5544,-151.2583,59.09,92,1,5.75
186,Bambous Virieux,MU,2021-08-07 06:43:05,-20.3428,57.7575,74.21,60,75,12.66
187,Cherskiy,RU,2021-08-07 06:43:06,68.75,161.3,65.7,51,71,5.23
188,Bouna,CI,2021-08-07 06:43:06,9.2667,-3.0,71.49,85,85,3.87
189,Pano Polemidia,CY,2021-08-07 06:43:07,34.7,33.0,88.72,74,40,8.05
190,Vung Tau,VN,2021-08-07 06:43:07,10.346,107.0843,86.29,72,100,12.97
191,Whitehorse,CA,2021-08-07 06:43:08,60.7161,-135.0538,55.02,94,90,6.91
192,Kiama,AU,2021-08-07 06:38:23,-34.6833,150.8667,64.0,48,0,7.72
193,Faanui,PF,2021-08-07 06:43:08,-16.4833,-151.75,78.8,68,83,9.6
194,Botwood,CA,2021-08-07 06:43:09,49.1499,-55.3482,69.28,87,100,12.88
195,Monte Alegre,BR,2021-08-07 06:43:09,-2.0078,-54.0692,73.22,80,10,2.75
196,Kadyy,RU,2021-08-07 06:43:10,57.787,43.1903,59.81,96,100,7.76
197,Shenzhen,CN,2021-08-07 06:40:12,22.5455,114.0683,87.75,79,100,9.53
198,Vila Franca Do Campo,PT,2021-08-07 06:43:10,37.7167,-25.4333,68.41,75,56,9.71
199,Nova Olinda Do Norte,BR,2021-08-07 06:43:11,-3.8881,-59.0942,73.45,75,0,0.65
200,Norrtalje,SE,2021-08-07 06:41:13,59.758,18.705,64.49,79,100,11.18
201,Ballymena,GB,2021-08-07 06:43:12,54.8636,-6.2763,60.03,93,100,4.07
202,Elverum,NO,2021-08-07 06:43:12,60.8819,11.5623,60.6,59,100,4.7
203,Hailar,CN,2021-08-07 06:43:13,49.2,119.7,80.78,37,5,3.71
204,Huarmey,PE,2021-08-07 06:43:13,-10.0681,-78.1522,62.82,88,41,9.44
205,Bousse,BF,2021-08-07 06:43:13,12.6606,-1.8922,72.97,86,42,11.99
206,Ilulissat,GL,2021-08-07 06:43:14,69.2167,-51.1,44.62,70,75,10.36
207,Harrogate,GB,2021-08-07 06:43:14,53.9908,-1.5373,58.95,80,20,5.01
208,Bilibino,RU,2021-08-07 06:43:15,68.0546,166.4372,59.31,41,0,16.06
209,Thinadhoo,MV,2021-08-07 06:43:15,0.5333,72.9333,81.34,76,100,15.55
210,Amga,RU,2021-08-07 06:43:16,60.8953,131.9608,74.21,36,79,13.35
211,Naze,JP,2021-08-07 06:42:48,28.3667,129.4833,77.92,90,100,13.02
212,Itajuipe,BR,2021-08-07 06:43:17,-14.6781,-39.375,67.21,64,100,3.06
213,Nong Phai,TH,2021-08-07 06:43:17,15.9903,101.0618,88.7,66,100,8.86
214,Tiruchchendur,IN,2021-08-07 06:43:18,8.4833,78.1167,93.49,59,100,5.44
215,Saint-Francois,FR,2021-08-07 06:43:18,46.4154,3.9054,62.19,100,100,6.91
216,Clyde River,CA,2021-08-07 06:43:19,70.4692,-68.5914,34.03,100,75,10.36
217,Gdynia,PL,2021-08-07 06:43:19,54.5189,18.5319,65.84,82,20,16.11
218,Grootfontein,NA,2021-08-07 06:43:19,-19.5667,18.1167,53.17,32,0,3.44
219,Verkhnyaya Inta,RU,2021-08-07 06:43:20,65.9811,60.3094,51.01,93,100,7.56
220,La Romana,DO,2021-08-07 06:43:20,18.4273,-68.9728,76.73,89,0,7.92
221,Thompson,CA,2021-08-07 06:43:21,55.7435,-97.8558,57.36,88,20,2.3
222,Zarya,RU,2021-08-07 06:43:21,55.7553,38.0958,73.54,65,100,9.71
223,Inuvik,CA,2021-08-07 06:43:22,68.3499,-133.7218,41.76,81,75,6.91
224,Victoria,HK,2021-08-07 06:43:22,22.2855,114.1577,87.85,84,99,1.99
225,Miandrivazo,MG,2021-08-07 06:43:22,-19.5167,45.4667,80.06,31,0,1.63
226,Dancheng,CN,2021-08-07 06:43:23,33.6333,115.1833,90.64,60,13,7.83
227,Ulladulla,AU,2021-08-07 06:38:29,-35.35,150.4667,63.5,81,0,7.9
228,Hamilton,US,2021-08-07 06:40:21,39.1834,-84.5333,72.79,86,1,1.01
229,Egvekinot,RU,2021-08-07 06:43:24,66.3167,-179.1667,40.23,79,92,17.13
230,Liverpool,GB,2021-08-07 06:41:10,53.4106,-2.9779,58.78,82,40,7.0
231,Port Hardy,CA,2021-08-07 06:43:25,50.6996,-127.4199,57.38,94,90,11.5
232,Bahia Honda,CU,2021-08-07 06:43:25,22.9036,-83.1592,78.55,85,53,5.53
233,Kadi,IN,2021-08-07 06:43:26,23.3,72.3333,87.66,71,100,1.81
234,Kodiak,US,2021-08-07 06:43:26,57.79,-152.4072,56.71,88,20,3.44
235,Maura,NO,2021-08-07 06:43:27,60.25,11.0167,60.46,79,0,5.75
236,Sheltozero,RU,2021-08-07 06:43:27,61.3667,35.3667,62.24,71,100,15.88
237,Roseto Degli Abruzzi,IT,2021-08-07 06:43:27,42.6664,14.0227,81.95,42,8,2.89
238,Ventspils,LV,2021-08-07 06:43:28,57.3894,21.5606,62.53,100,90,5.75
239,Tam Ky,VN,2021-08-07 06:43:28,15.5667,108.4833,100.38,46,100,10.25
240,Cheremukhovo,RU,2021-08-07 06:43:29,60.3484,59.9851,54.72,90,100,5.93
241,Bathsheba,BB,2021-08-07 06:43:29,13.2167,-59.5167,79.41,78,40,12.66
242,Chokurdakh,RU,2021-08-07 06:43:30,70.6333,147.9167,62.31,57,12,9.13
243,Bethel,US,2021-08-07 06:43:30,41.3712,-73.414,72.64,86,1,0.0
244,Archidona,ES,2021-08-07 06:43:31,37.0965,-4.3887,77.67,45,0,5.86
245,Tiksi,RU,2021-08-07 06:42:53,71.6872,128.8694,50.07,72,100,3.24
246,Sorgun,TR,2021-08-07 06:43:31,39.8101,35.186,80.98,28,91,11.77
247,West Wendover,US,2021-08-07 06:43:32,40.7391,-114.0733,70.81,33,1,4.61
248,Christchurch,NZ,2021-08-07 06:40:32,-43.5333,172.6333,46.0,74,100,5.75
249,Havoysund,NO,2021-08-07 06:43:33,70.9963,24.6622,65.28,68,100,4.0
250,Baruun-Urt,MN,2021-08-07 06:43:33,46.6806,113.2792,90.99,16,86,21.99
251,Sao Felix Do Xingu,BR,2021-08-07 06:43:33,-6.6447,-51.995,67.28,51,67,2.1
252,Alice Springs,AU,2021-08-07 06:43:34,-23.7,133.8833,67.55,22,0,8.05
253,Miles City,US,2021-08-07 06:43:34,46.4083,-105.8406,71.51,56,20,9.22
254,Den Helder,NL,2021-08-07 06:43:35,52.9599,4.7593,63.99,89,90,13.8
255,Pudozh,RU,2021-08-07 06:43:35,61.8099,36.5345,66.07,54,100,12.95
256,Nizhniy Tsasuchey,RU,2021-08-07 06:43:36,50.5167,115.1333,87.73,30,13,18.03
257,Alpena,US,2021-08-07 06:43:36,45.0617,-83.4327,67.1,96,100,3.78
258,Karratha,AU,2021-08-07 06:43:37,-20.7377,116.8463,76.42,39,5,19.91
259,Ostrovnoy,RU,2021-08-07 06:43:37,68.0531,39.5131,58.62,74,9,5.39
260,Cap Malheureux,MU,2021-08-07 06:43:38,-19.9842,57.6142,74.46,64,38,10.0
261,Saint Anthony,US,2021-08-07 06:40:46,45.0205,-93.218,73.71,77,1,1.99
262,Atchison,US,2021-08-07 06:43:38,39.563,-95.1216,80.01,81,16,12.17
263,East London,ZA,2021-08-07 06:43:39,-33.0153,27.9116,58.14,82,0,5.75
264,Tver,RU,2021-08-07 06:43:39,56.8619,35.8931,69.22,82,100,10.18
265,Kavaratti,IN,2021-08-07 06:42:45,10.5669,72.642,81.66,78,100,24.0
266,Tasiilaq,GL,2021-08-07 06:43:40,65.6145,-37.6368,41.16,92,100,3.8
267,Pasighat,IN,2021-08-07 06:43:40,28.0667,95.3333,90.46,66,98,3.71
268,Dingle,PH,2021-08-07 06:43:40,10.9995,122.6711,90.27,57,77,13.38
269,Luderitz,NA,2021-08-07 06:43:41,-26.6481,15.1594,62.35,43,3,2.86
270,Yellowknife,CA,2021-08-07 06:43:41,62.456,-114.3525,64.92,72,75,4.61
271,Nantucket,US,2021-08-07 06:41:46,41.2835,-70.0995,72.0,95,1,5.75
272,Aksu,CN,2021-08-07 06:43:42,41.1231,80.2644,88.39,23,0,5.5
273,Palana,RU,2021-08-07 06:43:42,59.1167,159.9667,50.4,73,100,10.92
274,Arraial Do Cabo,BR,2021-08-07 06:39:20,-22.9661,-42.0278,66.36,77,100,12.86
275,Kodinsk,RU,2021-08-07 06:43:43,58.6881,99.1844,82.29,29,0,4.94
276,Katherine,AU,2021-08-07 06:43:43,-14.4667,132.2667,84.52,12,1,13.8
277,Wajima,JP,2021-08-07 06:43:44,37.4,136.9,86.68,89,75,2.3
278,Kieta,PG,2021-08-07 06:43:44,-6.2167,155.6333,81.77,78,85,7.18
279,Riyadh,SA,2021-08-07 06:42:10,24.6877,46.7219,104.14,8,1,3.74
280,Charcas,MX,2021-08-07 06:43:45,23.1333,-101.1167,59.67,81,35,7.96
281,La Ronge,CA,2021-08-07 06:43:45,55.1001,-105.2842,68.25,77,90,8.05
282,Sola,VU,2021-08-07 06:43:46,-13.8833,167.55,75.87,100,90,0.0
283,Lewisporte,CA,2021-08-07 06:43:46,49.2499,-55.0482,69.51,84,100,13.44
284,Caraquet,CA,2021-08-07 06:43:47,47.7941,-64.9386,68.58,79,33,9.64
285,Praia Da Vitoria,PT,2021-08-07 06:43:47,38.7333,-27.0667,68.25,88,20,15.32
286,Beloha,MG,2021-08-07 06:43:48,-25.1667,45.05,75.99,36,5,2.51
287,Lardos,GR,2021-08-07 06:43:48,36.0942,28.0157,85.82,46,0,18.14
288,Beyneu,KZ,2021-08-07 06:41:16,45.3167,55.2,95.59,18,0,9.8
289,Carolina,PR,2021-08-07 06:43:49,18.3808,-65.9574,82.29,86,40,3.44
290,Yumen,CN,2021-08-07 06:43:49,40.2833,97.2,84.06,17,83,11.36
291,Vardo,NO,2021-08-07 06:43:50,70.3705,31.1107,54.59,82,50,12.48
292,Harer,ET,2021-08-07 06:43:50,9.3094,42.1258,68.5,55,65,10.02
293,Iringa,TZ,2021-08-07 06:43:51,-7.7667,35.7,63.72,59,40,6.91
294,Antalaha,MG,2021-08-07 06:43:51,-14.9003,50.2788,76.62,62,27,9.19
295,Sioux Lookout,CA,2021-08-07 06:43:52,50.1001,-91.917,53.98,100,40,2.3
296,Leningradskiy,RU,2021-08-07 06:43:16,69.3833,178.4167,37.44,90,100,7.27
297,Tacoronte,ES,2021-08-07 06:43:52,28.4769,-16.4102,65.75,87,90,17.0
298,Senno,RU,2021-08-07 06:43:53,59.5336,33.9167,57.15,97,100,11.23
299,Mantua,IT,2021-08-07 06:43:53,45.1667,10.7833,77.34,78,3,1.99
300,Sonoita,MX,2021-08-07 06:43:54,31.85,-112.8333,90.54,45,88,4.83
301,Gat,IL,2021-08-07 06:43:54,31.61,34.7642,94.41,27,0,10.4
302,Sarakhs,IR,2021-08-07 06:43:55,36.5449,61.1577,100.54,17,0,4.61
303,Margherita,IN,2021-08-07 06:43:55,27.2833,95.6833,90.88,89,100,3.13
304,Pisco,PE,2021-08-07 06:43:55,-13.7,-76.2167,59.05,82,90,3.44
305,Fortuna,US,2021-08-07 06:43:56,40.5982,-124.1573,65.43,74,90,1.01
306,Ratnagiri,IN,2021-08-07 06:43:56,16.9833,73.3,84.65,71,87,11.1
307,Vila Velha,BR,2021-08-07 06:43:57,-20.3297,-40.2925,62.55,94,75,8.05
308,Soure,BR,2021-08-07 06:43:57,-0.7167,-48.5233,78.4,80,6,4.99
309,Chino Valley,US,2021-08-07 06:43:58,34.7575,-112.4538,81.73,51,1,1.01
310,Kalianget,ID,2021-08-07 06:43:58,-7.05,113.9333,85.3,66,25,15.28
311,Narsaq,GL,2021-08-07 06:43:40,60.9167,-46.05,48.42,57,100,6.13
312,Banfora,BF,2021-08-07 06:43:59,10.6333,-4.7667,72.07,93,100,2.55
313,Kutum,SD,2021-08-07 06:44:00,14.2,24.6667,74.53,63,100,11.23
314,Benguela,AO,2021-08-07 06:44:00,-12.5763,13.4055,71.92,86,34,4.21
315,Ende,ID,2021-08-07 06:44:00,-8.8432,121.6623,79.68,75,100,3.76
316,Oranjemund,NA,2021-08-07 06:44:01,-28.55,16.4333,59.77,58,39,4.03
317,Kloulklubed,PW,2021-08-07 06:41:00,7.0419,134.2556,79.3,84,100,5.75
318,Immokalee,US,2021-08-07 06:44:02,26.4187,-81.4173,78.91,94,20,0.0
319,Kuytun,RU,2021-08-07 06:44:02,54.3419,101.5036,73.58,43,83,10.07
320,Bosobolo,CD,2021-08-07 06:44:03,4.1833,19.9,71.71,96,100,0.56
321,Buchanan,LR,2021-08-07 06:44:03,5.8808,-10.0467,71.56,85,94,3.09
322,Broken Hill,AU,2021-08-07 06:44:04,-31.95,141.4333,58.71,44,90,11.5
323,Touros,BR,2021-08-07 06:42:20,-5.1989,-35.4608,72.5,85,83,15.5
324,Chitrakonda,IN,2021-08-07 06:44:04,18.1167,82.0833,85.68,63,94,5.68
325,Staryy Nadym,RU,2021-08-07 06:44:05,65.6118,72.6842,80.83,41,2,7.56
326,Pangody,RU,2021-08-07 06:44:05,65.85,74.4859,80.4,37,5,6.71
327,Lieksa,FI,2021-08-07 06:44:06,63.3167,30.0167,64.26,54,0,12.48
328,Pampa,US,2021-08-07 06:44:06,35.5362,-100.9599,78.19,60,1,12.66
329,Evans,US,2021-08-07 06:44:07,33.5337,-82.1307,75.4,94,90,0.0
330,Srednekolymsk,RU,2021-08-07 06:44:07,67.45,153.6833,58.53,56,68,8.48
331,Santiago Del Estero,AR,2021-08-07 06:41:30,-27.7951,-64.2615,61.7,48,0,9.6
332,Svetlogorsk,BY,2021-08-07 06:44:08,52.6333,29.7333,63.43,71,59,9.66
333,Labuhan,ID,2021-08-07 06:44:08,-6.8844,112.2051,86.09,67,38,15.95
334,Almaznyy,RU,2021-08-07 06:44:09,48.0448,40.045,80.74,25,100,18.01
335,Prince Rupert,CA,2021-08-07 06:44:09,54.3161,-130.3201,56.89,95,90,3.44
336,Am Timan,TD,2021-08-07 06:44:10,11.0297,20.2827,74.08,85,100,4.0
337,Moerai,PF,2021-08-07 06:44:10,-22.4333,-151.3333,74.75,69,99,5.41
338,Nago,JP,2021-08-07 06:44:11,26.5881,127.9761,88.23,79,100,15.26
339,Beitbridge,ZW,2021-08-07 06:44:11,-22.2167,30.0,72.21,25,0,4.92
340,Alta Floresta,BR,2021-08-07 06:44:12,-9.8756,-56.0861,67.96,49,21,3.15
341,Sorong,ID,2021-08-07 06:44:12,-0.8833,131.25,82.83,79,100,13.22
342,Guaira,BR,2021-08-07 06:44:13,-20.3183,-48.3106,64.08,51,89,8.12
343,Ushumun,RU,2021-08-07 06:44:13,52.7833,126.5333,66.94,92,100,11.23
344,Maniitsoq,GL,2021-08-07 06:44:13,65.4167,-52.9,42.08,93,100,12.41
345,Quesnel,CA,2021-08-07 06:44:14,52.9999,-122.5029,57.7,77,90,2.3
346,Izhma,RU,2021-08-07 06:44:14,65.0083,53.9113,57.92,59,100,7.56
347,Inverell,AU,2021-08-07 06:44:15,-29.7833,151.1167,51.49,72,0,4.63
348,Kalmunai,LK,2021-08-07 06:44:15,7.4167,81.8167,90.3,55,100,8.01
349,Buala,SB,2021-08-07 06:44:16,-8.145,159.5921,81.45,70,97,3.62
350,Sao Joao Da Barra,BR,2021-08-07 06:44:16,-21.6403,-41.0511,64.74,82,96,4.09
351,Bouar,CF,2021-08-07 06:44:16,5.934,15.596,63.91,99,100,2.37
352,Balabac,PH,2021-08-07 06:44:17,7.9868,117.0645,87.62,62,100,5.03
353,Maragogi,BR,2021-08-07 06:44:17,-9.0122,-35.2225,72.57,84,24,15.55
354,Sao Paulo De Olivenca,BR,2021-08-07 06:44:18,-3.3783,-68.8725,71.8,83,13,1.66
355,Swarzedz,PL,2021-08-07 06:43:50,52.4129,17.085,68.05,72,20,10.36
356,Nimaparha,IN,2021-08-07 06:44:18,20.0667,86.0167,91.8,54,100,11.03
357,Cidreira,BR,2021-08-07 06:44:19,-30.1811,-50.2056,58.84,93,96,11.88
358,Teknaf,BD,2021-08-07 06:44:19,20.8624,92.3058,84.85,76,90,10.54
359,Poplar Bluff,US,2021-08-07 06:44:20,36.757,-90.3929,71.38,88,1,4.61
360,Quzhou,CN,2021-08-07 06:44:20,28.9594,118.8686,91.08,57,42,7.76
361,Fort Saint James,CA,2021-08-07 06:44:21,54.4333,-124.25,50.68,67,3,7.27
362,Kayes,ML,2021-08-07 06:44:21,14.0,-11.0,72.52,92,100,7.4
363,Opunake,NZ,2021-08-07 06:44:22,-39.4556,173.8583,50.34,70,51,20.87
364,Vuktyl,RU,2021-08-07 06:44:22,63.8567,57.3094,53.47,81,100,10.16
365,Guiratinga,BR,2021-08-07 06:44:23,-16.3494,-53.7583,65.57,47,100,4.99
366,Xining,CN,2021-08-07 06:44:23,36.6167,101.7667,78.82,27,100,5.73
367,Fairbanks,US,2021-08-07 06:40:32,64.8378,-147.7164,65.1,85,90,4.61
368,Bandarbeyla,SO,2021-08-07 06:44:24,9.4942,50.8122,86.47,47,100,25.34
369,Saharsa,IN,2021-08-07 06:44:24,25.8833,86.6,83.95,80,100,8.43
370,Kurkino,RU,2021-08-07 06:44:25,53.4257,38.6582,79.95,35,90,15.28
371,Laplace,US,2021-08-07 06:44:25,30.0666,-90.4801,79.99,84,1,3.44
372,Udachnyy,RU,2021-08-07 06:44:25,66.4167,112.4,64.67,53,51,17.52
373,Anapskaya,RU,2021-08-07 06:44:26,44.89,37.38,88.03,62,0,6.71
374,Vestmannaeyjar,IS,2021-08-07 06:44:26,63.4427,-20.2734,54.59,85,99,10.47
375,Solnechnyy,RU,2021-08-07 06:44:27,50.7214,136.6319,54.57,95,100,8.43
376,Saint Stephen,GB,2021-08-07 06:44:27,50.3333,-4.9,59.76,100,75,13.8
377,Husavik,IS,2021-08-07 06:44:28,66.0449,-17.3389,49.91,76,14,2.28
378,Vao,NC,2021-08-07 06:44:28,-22.6667,167.4833,67.89,59,100,11.65
379,Namatanai,PG,2021-08-07 06:44:29,-3.6667,152.4333,81.46,80,32,9.51
380,Asau,RO,2021-08-07 06:44:29,46.4333,26.4,71.76,60,0,2.73
381,Mapiri,BO,2021-08-07 06:44:29,-15.25,-68.1667,59.16,77,0,1.77
382,Ylivieska,FI,2021-08-07 06:44:30,64.0833,24.55,64.89,46,0,9.01
383,Panguna,PG,2021-08-07 06:44:30,-6.3164,155.4848,73.04,88,99,3.36
384,Dubai,AE,2021-08-07 06:44:12,25.2582,55.3047,104.25,37,0,5.75
385,Half Moon Bay,US,2021-08-07 06:44:31,37.4636,-122.4286,69.12,87,20,12.66
386,Bulgan,MN,2021-08-07 06:44:31,48.8125,103.5347,66.99,61,99,10.25
387,Isla Mujeres,MX,2021-08-07 06:44:32,21.2311,-86.731,84.25,81,2,9.86
388,Asfi,MA,2021-08-07 06:44:32,32.2994,-9.2372,66.97,88,16,8.75
389,Coahuayana,MX,2021-08-07 06:44:33,18.7333,-103.6833,76.35,93,100,3.76
390,Mehamn,NO,2021-08-07 06:44:33,71.0357,27.8492,62.47,62,100,6.35
391,Bastia,FR,2021-08-07 06:44:34,42.6667,9.3333,80.02,70,40,2.3
392,Darbhanga,IN,2021-08-07 06:44:34,26.1667,85.9,88.36,66,100,9.19
393,Sol-Iletsk,RU,2021-08-07 06:44:35,51.1631,54.9918,79.74,27,46,9.89
394,Areka,ET,2021-08-07 06:44:35,7.0667,37.7,69.17,71,12,2.55
395,Los Llanos De Aridane,ES,2021-08-07 06:44:35,28.6585,-17.9182,67.75,97,75,12.66
396,Ulagan,RU,2021-08-07 06:44:36,50.6321,87.9563,70.18,42,95,2.21
397,Barquisimeto,VE,2021-08-07 06:40:36,10.0739,-69.3228,61.43,100,67,8.05
398,Saint-Pierre,RE,2021-08-07 06:44:37,-21.3393,55.4781,74.88,62,0,8.05
399,Karpathos,GR,2021-08-07 06:44:37,35.507,27.2132,80.56,94,0,24.16
400,Dicabisagan,PH,2021-08-07 06:44:38,17.0818,122.4157,94.17,56,100,10.74
401,Viedma,AR,2021-08-07 06:44:38,-40.8135,-62.9967,52.72,61,100,8.75
402,Amapa,BR,2021-08-07 06:44:38,1.0,-52.0,72.12,94,66,0.63
403,Regina,CA,2021-08-07 06:40:30,50.4501,-104.6178,73.4,66,90,11.5
404,Boguchany,RU,2021-08-07 06:44:39,58.3814,97.4531,82.69,30,14,5.17
405,Umba,RU,2021-08-07 06:44:40,66.6871,34.3429,59.36,64,25,5.1
406,Acapulco,MX,2021-08-07 06:41:04,16.8634,-99.8901,77.61,89,100,6.35
407,Tura,IN,2021-08-07 06:44:40,25.5198,90.2201,80.6,91,100,5.17
408,Qaqortoq,GL,2021-08-07 06:44:41,60.7167,-46.0333,48.7,68,100,3.98
409,Hulan,CN,2021-08-07 06:44:41,45.9833,126.6,84.31,49,7,5.32
410,Verkhnyaya Maksakovka,RU,2021-08-07 06:44:42,61.635,50.9674,60.82,63,75,6.71
411,Henties Bay,NA,2021-08-07 06:44:42,-22.116,14.2845,60.3,66,0,6.35
412,Severo-Kurilsk,RU,2021-08-07 06:42:27,50.6789,156.125,54.9,77,100,9.22
413,Aklavik,CA,2021-08-07 06:42:18,68.2191,-135.0107,41.72,82,100,9.69
414,Nizhnevartovsk,RU,2021-08-07 06:44:43,60.9344,76.5531,66.22,88,75,8.95
415,Divo,CI,2021-08-07 06:44:44,5.8397,-5.36,69.17,94,89,2.57
416,Oum Hadjer,TD,2021-08-07 06:44:09,13.2954,19.6966,78.26,72,100,13.2
417,Kota,IN,2021-08-07 06:44:44,25.1833,75.8333,82.17,77,100,8.88
418,Fredericton,CA,2021-08-07 06:42:45,45.9454,-66.6656,65.44,95,20,5.75
419,Mayumba,GA,2021-08-07 06:44:45,-3.432,10.6554,73.98,84,100,5.84
420,Olinda,BR,2021-08-07 06:44:45,-8.0089,-34.8553,76.73,73,40,16.11
421,Walvis Bay,NA,2021-08-07 06:44:46,-22.9575,14.5053,45.55,93,3,2.3
422,Melbu,NO,2021-08-07 06:44:46,68.5044,14.8297,62.22,73,82,2.46
423,Haines Junction,CA,2021-08-07 06:44:47,60.7522,-137.5108,51.75,93,100,3.44
424,Kolokani,ML,2021-08-07 06:44:47,13.5728,-8.0339,71.85,93,100,8.95
425,Le Port,RE,2021-08-07 06:44:48,-20.9373,55.2919,75.2,65,26,5.79
426,Oistins,BB,2021-08-07 06:44:48,13.0667,-59.5333,78.89,78,40,12.66
427,Pangnirtung,CA,2021-08-07 06:44:48,66.1451,-65.7125,38.79,97,100,1.83
428,Harper,LR,2021-08-07 06:44:49,4.375,-7.7169,75.78,79,99,6.82
429,Kolomak,UA,2021-08-07 06:44:49,49.8399,35.3044,81.28,46,100,7.07
430,Najran,SA,2021-08-07 06:44:50,17.4924,44.1277,92.05,21,48,14.72
431,Zyryanka,RU,2021-08-07 06:44:50,65.75,150.85,63.39,54,43,14.34
432,Lishui,CN,2021-08-07 06:44:51,28.4604,119.9103,90.99,54,100,8.16
433,Marfino,RU,2021-08-07 06:44:51,55.7028,37.3822,73.31,78,0,8.95
434,Carutapera,BR,2021-08-07 06:43:12,-1.195,-46.02,74.12,94,19,5.26
435,Ginda,IN,2021-08-07 06:44:52,30.6945,78.4932,77.07,70,14,5.28
436,Reconquista,AR,2021-08-07 06:44:52,-29.15,-59.65,59.63,65,0,8.01
437,Cherdakly,RU,2021-08-07 06:44:53,54.3594,48.845,78.75,38,14,6.71
438,Port Blair,IN,2021-08-07 06:44:53,11.6667,92.75,86.04,84,90,11.5
439,Urumqi,CN,2021-08-07 06:44:54,43.801,87.6005,83.35,26,20,6.71
440,Pochutla,MX,2021-08-07 06:44:54,15.7432,-96.4661,75.81,93,98,3.24
441,Nanchang,CN,2021-08-07 06:44:55,28.6833,115.8833,94.21,52,19,10.69
442,Peterhead,GB,2021-08-07 06:44:55,57.5058,-1.7981,60.12,91,100,13.58
443,Abastumani,GE,2021-08-07 06:44:55,41.7075,42.8457,77.92,41,71,5.46
444,Turukhansk,RU,2021-08-07 06:44:56,65.8167,87.9833,81.43,36,10,5.01
445,Seymchan,RU,2021-08-07 06:44:56,62.8833,152.4333,58.93,62,90,10.92
446,Moron,AR,2021-08-07 06:44:57,-34.6534,-58.6198,60.98,97,82,3.0
447,Rio Claro,BR,2021-08-07 06:44:57,-22.4114,-47.5614,57.45,71,65,2.64
448,Gulfport,US,2021-08-07 06:41:56,30.3674,-89.0928,78.98,90,1,0.0
449,Kibala,TD,2021-08-07 06:44:58,9.1104,18.3463,75.15,94,20,0.0
450,Sur,OM,2021-08-07 06:43:17,22.5667,59.5289,93.25,59,100,6.91
451,Bima,ID,2021-08-07 06:44:59,-8.4667,118.7167,90.07,49,98,3.49
452,Ouadda,CF,2021-08-07 06:44:59,8.0777,22.4007,70.02,96,100,5.17
453,Poltavka,RU,2021-08-07 06:44:59,54.3663,71.7632,80.15,51,41,10.47
454,Kaitangata,NZ,2021-08-07 06:45:00,-46.2817,169.8464,39.76,84,81,8.25
455,Kuvshinovo,RU,2021-08-07 06:45:00,57.0295,34.1725,62.28,98,100,6.67
456,Nerchinskiy Zavod,RU,2021-08-07 06:45:01,51.3088,119.61,75.81,59,21,5.5
457,Auki,SB,2021-08-07 06:45:01,-8.7676,160.7034,80.2,79,98,2.26
458,Hong Gai,VN,2021-08-07 06:45:02,20.956,107.0946,98.51,63,100,4.9
459,Shache,CN,2021-08-07 06:45:04,38.4167,77.2406,90.72,20,14,4.25
460,Codrington,AU,2021-08-07 06:45:04,-38.2667,141.9667,53.19,76,97,8.16
461,Qorveh,IR,2021-08-07 06:45:05,35.1664,47.8045,83.35,19,6,5.44
462,Jiaojiang,CN,2021-08-07 06:45:05,28.6803,121.4428,85.26,72,77,14.43
463,Longhua,CN,2021-08-07 06:45:05,23.6137,114.1919,94.19,57,100,2.06
464,Magistralnyy,RU,2021-08-07 06:45:06,56.1725,107.4458,63.95,77,100,6.2
465,Rupert,US,2021-08-07 06:45:06,42.6191,-113.6772,62.49,67,1,6.91
466,Payo,ID,2021-08-07 06:45:07,-3.7508,103.6372,90.03,52,82,3.67
467,Arcachon,FR,2021-08-07 06:45:07,44.5875,-1.0519,66.25,88,40,9.22
468,Mount Isa,AU,2021-08-07 06:45:08,-20.7333,139.5,74.97,15,0,10.36
469,Toyooka,JP,2021-08-07 06:45:08,35.5333,134.8333,93.25,58,40,8.05
470,Hofn,IS,2021-08-07 06:45:08,64.2539,-15.2082,53.46,80,96,6.82
471,Kalamazoo,US,2021-08-07 06:43:46,42.2506,-85.55,68.29,88,40,5.75
472,Madimba,TZ,2021-08-07 06:45:09,-10.4,40.3333,79.14,59,30,5.84
473,Dutse,NG,2021-08-07 06:45:09,11.7594,9.3392,75.99,79,100,13.38
474,Umm Lajj,SA,2021-08-07 06:45:10,25.0213,37.2685,97.23,36,26,3.44
475,Arlit,NE,2021-08-07 06:45:10,18.7369,7.3853,92.14,32,82,9.71
476,Nishihara,JP,2021-08-07 06:45:06,26.1842,127.7558,87.46,92,90,16.11
477,Bosaso,SO,2021-08-07 06:45:11,11.2842,49.1816,98.58,34,0,27.63
478,Belyy Yar,RU,2021-08-07 06:45:12,53.6039,91.3903,64.29,88,40,2.24
479,Etchojoa,MX,2021-08-07 06:45:12,26.9167,-109.6333,84.83,69,92,8.08
480,Carbonia,IT,2021-08-07 06:45:12,39.1672,8.5222,83.98,34,0,6.89
481,Coxim,BR,2021-08-07 06:45:13,-18.5067,-54.76,67.19,44,0,6.35
482,San Nicolas Guadalupe,MX,2021-08-07 06:45:13,19.6125,-100.0333,53.38,98,99,2.26
483,Mogadishu,SO,2021-08-07 06:45:14,2.0371,45.3438,78.67,61,40,13.8
484,Balkanabat,TM,2021-08-07 06:45:14,39.5108,54.3671,104.14,11,0,13.35
485,Cervo,ES,2021-08-07 06:45:15,43.6702,-7.4101,61.97,76,35,12.28
486,Honiara,SB,2021-08-07 06:45:15,-9.4333,159.95,80.31,77,99,1.12
487,Manokwari,ID,2021-08-07 06:45:16,-0.8667,134.0833,81.54,79,100,2.04
488,Buncrana,IE,2021-08-07 06:45:16,55.1333,-7.45,58.77,91,80,3.22
489,Barauna,BR,2021-08-07 06:45:17,-5.08,-37.6167,71.01,74,0,14.5
490,Alampur,IN,2021-08-07 06:45:17,15.8833,78.15,94.32,40,100,14.2
491,Kendari,ID,2021-08-07 06:45:17,-3.945,122.4989,82.18,66,100,6.08
492,Pacific Grove,US,2021-08-07 06:45:18,36.6177,-121.9166,66.6,91,75,1.99
493,Doba,TD,2021-08-07 06:45:18,8.65,16.85,76.39,79,100,1.7
494,Fort-Shevchenko,KZ,2021-08-07 06:45:19,44.5086,50.263,96.13,28,0,16.33
495,Tessalit,ML,2021-08-07 06:45:19,20.1986,1.0114,88.7,36,84,12.77
496,Roma,US,2021-08-07 06:40:38,43.2128,-75.4557,72.88,90,90,9.22
497,Along,IN,2021-08-07 06:45:20,28.1667,94.7667,90.09,61,100,1.12
498,Kuala Terengganu,MY,2021-08-07 06:45:20,5.3302,103.1408,89.55,66,20,5.75
499,Kisangani,CD,2021-08-07 06:45:21,0.5167,25.2,74.66,85,91,4.0
500,Vostok,RU,2021-08-07 06:45:21,46.4856,135.8833,64.99,99,100,3.04
501,La Tuque,CA,2021-08-07 06:45:21,47.4334,-72.7824,70.05,68,100,6.91
502,Wrexham,GB,2021-08-07 06:45:22,53.0,-3.0,57.96,88,100,14.94
503,Portland,US,2021-08-07 06:43:37,45.5234,-122.6762,69.78,80,40,1.01
504,Progreso,MX,2021-08-07 06:45:23,21.2833,-89.6667,77.4,80,12,8.88
505,Alofi,NU,2021-08-07 06:45:23,-19.0595,-169.9187,71.49,88,2,5.75
506,Santa Maria,BR,2021-08-07 06:44:56,-29.6842,-53.8069,59.52,75,55,5.46
507,Minas Novas,BR,2021-08-07 06:45:24,-17.2186,-42.5903,61.39,79,100,6.53
508,Kati,ML,2021-08-07 06:45:24,12.7441,-8.0726,72.81,97,100,4.88
509,Hurghada,EG,2021-08-07 06:45:25,27.2574,33.8129,95.04,31,0,6.91
510,Poso,ID,2021-08-07 06:45:25,-1.3959,120.7524,85.3,67,100,3.98
511,Nakamura,JP,2021-08-07 06:45:26,32.9833,132.9333,86.99,63,3,5.14
512,Tulagi,SB,2021-08-07 06:45:26,-9.0996,160.1476,83.21,71,81,16.73
513,Adrar,MR,2021-08-07 06:45:26,20.5022,-10.0711,86.59,41,11,16.71
514,Trairi,BR,2021-08-07 06:40:43,-3.2778,-39.2689,78.13,53,66,13.65
515,Santa Barbara,US,2021-08-07 06:45:27,34.7333,-120.0343,55.31,32,0,3.62
516,Sinnamary,GF,2021-08-07 06:45:28,5.3833,-52.95,74.5,92,99,5.97
517,Krasnoselkup,RU,2021-08-07 06:42:43,65.7,82.4667,80.46,40,6,1.81
518,Porto Belo,BR,2021-08-07 06:45:28,-27.1578,-48.5531,66.18,93,100,7.67
519,Synya,RU,2021-08-07 06:45:29,65.3718,58.0387,50.94,90,100,5.7
520,Demyansk,RU,2021-08-07 06:45:29,57.643,32.466,65.25,95,100,9.26
521,Marystown,CA,2021-08-07 06:43:09,47.1666,-55.1483,65.79,97,100,17.0
522,Deming,US,2021-08-07 06:45:30,32.2687,-107.7586,80.49,32,1,9.22
523,Dymer,UA,2021-08-07 06:45:30,50.7865,30.3026,71.96,64,7,12.3
524,Erzurum,TR,2021-08-07 06:45:31,40.0,41.5,65.88,40,88,6.58
525,Eureka,US,2021-08-07 06:45:31,40.8021,-124.1637,65.68,93,99,1.99
526,Jumla,NP,2021-08-07 06:45:32,29.2747,82.1838,70.88,78,100,4.76
527,Dwarka,IN,2021-08-07 06:45:32,22.2394,68.9678,84.54,73,95,13.87
528,Mokhotlong,LS,2021-08-07 06:45:33,-29.2894,29.0675,45.19,16,0,1.07
529,Dunedin,NZ,2021-08-07 06:45:33,-45.8742,170.5036,42.8,66,16,5.01
530,Bontang,ID,2021-08-07 06:45:34,0.1333,117.5,84.51,68,93,7.38
531,Pascagoula,US,2021-08-07 06:41:42,30.3658,-88.5561,76.23,96,1,0.0
532,Mitsamiouli,KM,2021-08-07 06:45:34,-11.3847,43.2844,77.76,64,27,6.64
533,Petropavlovsk-Kamchatskiy,RU,2021-08-07 06:44:26,53.0452,158.6483,54.19,88,75,2.24
534,Kabinda,CD,2021-08-07 06:45:35,-6.1333,24.4833,83.01,20,18,3.6
535,Srandakan,ID,2021-08-07 06:45:36,-7.9386,110.2506,84.76,67,14,11.92
536,San Carlos De Bariloche,AR,2021-08-07 06:45:36,-41.1456,-71.3082,32.02,88,40,10.49
537,Tevaitoa,PF,2021-08-07 06:45:36,-16.7833,-151.5,78.44,70,87,9.24
538,Hay River,CA,2021-08-07 06:42:35,60.8156,-115.7999,62.58,82,75,5.75
539,Saint-Paul,RE,2021-08-07 06:45:37,-21.0096,55.2707,75.31,65,35,1.86
540,Hami,CN,2021-08-07 06:45:37,42.8,93.45,93.42,11,3,18.14
541,Port Elizabeth,ZA,2021-08-07 06:45:38,-33.918,25.5701,52.09,93,0,1.14
542,Notre-Dame-Du-Lac,CA,2021-08-07 06:45:38,47.6136,-68.7964,67.44,87,99,5.57
543,Nyimba,ZM,2021-08-07 06:45:39,-14.5566,30.8149,74.68,35,0,4.9
544,Birao,CF,2021-08-07 06:45:39,10.2849,22.7882,74.1,89,100,2.91
545,Algeciras,ES,2021-08-07 06:45:40,36.1333,-5.4505,78.46,78,20,9.22
546,Faya,SA,2021-08-07 06:45:40,18.3851,42.4509,73.92,30,59,10.78
547,Namibe,AO,2021-08-07 06:43:27,-15.1961,12.1522,70.75,79,1,1.59
548,Catamarca,AR,2021-08-07 06:45:41,-28.4696,-65.7852,64.78,47,0,1.01
549,Mega,ET,2021-08-07 06:45:41,4.05,38.3,59.88,71,99,15.68
550,Altay,CN,2021-08-07 06:45:42,47.8667,88.1167,78.6,28,20,11.92
551,Vanavara,RU,2021-08-07 06:45:42,60.34,102.2797,77.59,25,9,8.37
552,Mitu,CO,2021-08-07 06:45:42,1.1983,-70.1733,70.05,91,7,0.65
553,Wilhelmsburg,AT,2021-08-07 06:45:43,48.1057,15.6054,69.26,61,84,2.77
554,Juneau,US,2021-08-07 06:43:38,58.3019,-134.4197,58.21,96,90,0.0
555,Dalian,CN,2021-08-07 06:45:44,38.9122,121.6022,85.93,62,40,6.71
556,Ketchikan,US,2021-08-07 06:44:32,55.3422,-131.6461,54.07,100,75,4.61
557,Nouakchott,MR,2021-08-07 06:41:53,18.0858,-15.9785,78.73,87,2,12.5
558,Volksrust,ZA,2021-08-07 06:45:45,-27.3654,29.8818,55.44,15,1,3.69
559,Lasa,IT,2021-08-07 06:44:52,46.6166,10.7002,64.02,83,76,5.21
560,Buraydah,SA,2021-08-07 06:41:17,26.326,43.975,99.05,9,8,10.38
561,Krasnyye Baki,RU,2021-08-07 06:45:46,57.131,45.1599,57.42,97,100,9.04
562,Pafos,CY,2021-08-07 06:45:46,34.7667,32.4167,89.24,70,40,5.75
563,Dandong,CN,2021-08-07 06:45:47,40.1292,124.3947,85.23,60,24,3.94
564,Ileana,RO,2021-08-07 06:45:47,44.5167,26.6667,83.25,41,0,9.8
565,Sterling,US,2021-08-07 06:45:48,39.0062,-77.4286,72.93,84,40,4.61
566,Camacupa,AO,2021-08-07 06:45:48,-12.0167,17.4833,61.83,21,7,4.59
